Process,Rhizoplane,Rhizosphere
Dissimilatory nitrate reduction,370322.0975,249660.0696
Assimilatory nitrate reduction,124396.2285,85693.19121
Denitrification ,223307.2262,151256.1622
Nitrogen fixation,864.538043,325.113889
Nitrification,95729.58581,84302.95529
Anammox,39112.57997,2821.262129
